date,predicted_residual,years_since_halving,realized_vol_30,dxy_ret_30,dxy_ret_100,short_percent_r,long_percent_r,wr_composite,log_price_residual,predicted_price
2026-06-21,-0.450425,2.168378,-0.845596,0.112739,0.577864,0.389534,0.002007,0.592387,-0.450425,73343.349333
2026-06-22,-0.467453,2.171116,-1.740537,-0.010974,0.537721,0.372841,0.024135,0.597511,-0.467453,72164.351909
2026-06-23,-0.456277,2.173854,-1.734614,0.002080,0.550697,0.403828,0.052966,0.555350,-0.456277,73035.364646
2026-06-24,-0.443651,2.176591,-1.766334,0.040420,0.454869,0.442485,0.064093,0.513986,-0.443651,74024.162184
2026-06-25,-0.426108,2.179329,-2.118866,0.244179,0.451868,0.502363,0.074905,0.452291,-0.426108,75396.120092
2026-06-26,-0.424415,2.182067,-2.088960,0.184147,0.538520,0.521990,0.083790,0.429600,-0.424415,75585.956234
2026-06-27,-0.442668,2.184805,-2.075711,0.092010,0.405756,0.673588,0.128343,0.277250,-0.442668,74279.718223
2026-06-28,-0.452098,2.187543,-2.284281,-0.019850,0.244995,0.809360,0.181728,0.142382,-0.452098,73642.999915
2026-06-29,-0.452491,2.190281,-2.263470,0.044071,0.309518,0.847093,0.184344,0.116715,-0.452491,73674.528443
2026-06-30,-0.453489,2.193018,-2.262516,0.095834,0.256604,0.866788,0.184344,0.103867,-0.453489,73661.436842
2026-07-01,-0.447993,2.195756,-2.318329,0.076683,0.348922,0.873847,0.181034,0.097590,-0.447993,74128.227203
2026-07-02,-0.459575,2.198494,-2.425105,0.064417,0.274972,0.876995,0.185386,0.087737,-0.459575,73334.749545
2026-07-03,-0.466577,2.201232,-2.408067,0.087986,0.265416,0.912206,0.205704,0.045024,-0.466577,72882.875419
2026-07-04,-0.483852,2.203970,-2.248512,0.026087,0.212953,0.860066,0.187504,0.092909,-0.483852,71693.425247
2026-07-05,-0.481053,2.206708,-1.989937,0.222782,0.348082,0.807930,0.176394,0.143957,-0.481053,71953.360790
2026-07-06,-0.499733,2.209446,-1.023323,0.143232,0.216110,0.845829,0.195830,0.113077,-0.499733,70679.634081
2026-07-07,-0.518944,2.212183,-0.715976,0.065463,0.219738,0.884937,0.193683,0.098854,-0.518944,69391.660254
2026-07-08,-0.496814,2.214921,-0.882061,-0.041592,0.213101,0.967311,0.224165,0.023472,-0.496814,71002.565569
2026-07-09,-0.488387,2.217659,-0.864953,0.042904,0.203077,1.011401,0.248357,-0.021070,-0.488387,71662.128829
2026-07-10,-0.475346,2.220397,-0.878587,0.006202,0.132676,0.981701,0.241469,0.007887,-0.475346,72662.337466
2026-07-11,-0.462611,2.223135,-0.893663,-0.065203,0.083307,0.973186,0.243221,0.013269,-0.462611,73653.914719
2026-07-12,-0.457293,2.225873,-0.871655,0.044526,0.161644,0.937296,0.232096,0.045118,-0.457293,74107.378450
2026-07-13,-0.458759,2.228611,-0.887986,0.082465,0.163139,0.872121,0.216664,0.101698,-0.458759,74059.450695
2026-07-14,-0.445729,2.231348,-0.873005,-0.089152,-0.023610,0.779106,0.200210,0.180261,-0.445729,75092.191226
2026-07-15,-0.442403,2.234086,-0.874418,0.014597,0.015814,0.782982,0.215965,0.170891,-0.442403,75404.085782
2026-07-16,-0.433587,2.236824,-0.912458,-0.021770,-0.112501,0.750551,0.216511,0.196165,-0.433587,76134.099375
2026-07-17,-0.439725,2.239562,-1.012842,0.004366,-0.044589,0.751883,0.225585,0.192307,-0.439725,75730.152791
2026-07-18,-0.465503,2.242300,-0.915669,-0.008482,-0.017438,0.807968,0.246179,0.141665,-0.465503,73863.381769
2026-07-19,-0.492524,2.245038,-0.921725,-0.161057,-0.110423,0.799961,0.241555,0.149133,-0.492524,71953.086101
2026-07-20,-0.513642,2.247775,-0.865956,-0.389147,-0.350252,0.811835,0.242829,0.143049,-0.513642,70507.162376
2026-07-21,-0.528173,2.250513,-0.945740,-0.389888,-0.337278,0.801585,0.257775,0.147638,-0.528173,69546.914704
2026-07-22,-0.537286,2.253251,-0.996306,-0.306795,-0.106325,0.790422,0.268058,0.153368,-0.537286,68972.389194
2026-07-23,-0.513022,2.255989,-0.946632,-0.405288,-0.283006,0.727441,0.234635,0.212149,-0.513022,70724.215012
2026-07-24,-0.503610,2.258727,-0.923842,-0.325853,-0.258133,0.675695,0.209024,0.259072,-0.503610,71451.355390
2026-07-25,-0.491622,2.261465,-0.930327,-0.266044,-0.193225,0.635647,0.201716,0.293031,-0.491622,72372.271148
2026-07-26,-0.477502,2.264203,-0.892309,-0.382068,-0.234370,0.573819,0.171796,0.345450,-0.477502,73461.418631
2026-07-27,-0.471895,2.266940,-1.139902,-0.353661,-0.349577,0.449335,0.159825,0.430019,-0.471895,73934.839551
2026-07-28,-0.457070,2.269678,-1.177335,-0.103117,-0.269147,0.330270,0.147914,0.517152,-0.457070,75100.450429
2026-07-29,-0.444214,2.272416,-0.603709,-0.032100,-0.090865,0.150529,0.071151,0.694456,-0.444214,76134.307042
2026-07-30,-0.439357,2.275154,-0.631120,-0.001216,-0.210802,0.006345,0.004322,0.831303,-0.439357,76567.518899
2026-07-31,-0.441646,2.277892,-0.610572,-0.055172,-0.278925,-0.062560,-0.028936,0.897590,-0.441646,76454.864010
2026-08-01,-0.447134,2.280630,-0.609390,-0.023907,-0.294037,-0.133412,-0.054910,0.959334,-0.447134,76098.559923
2026-08-02,-0.464200,2.283368,-0.638626,-0.020027,-0.238123,-0.172278,-0.061456,0.990278,-0.464200,74871.943086
2026-08-03,-0.481470,2.286105,-0.827164,-0.035968,-0.233150,-0.189021,-0.054363,1.011807,-0.481470,73650.112718
2026-08-04,-0.494524,2.288843,-0.833279,-0.221354,-0.172355,-0.178337,-0.020558,0.989774,-0.494524,72754.273337
2026-08-05,-0.511408,2.291581,-0.902543,-0.062742,-0.112293,-0.233021,-0.053867,1.063335,-0.511408,71594.606047
2026-08-06,-0.490992,2.294319,-0.862295,0.015297,0.082773,-0.280449,-0.083047,1.121392,-0.490992,73130.977502
2026-08-07,-0.463491,2.297057,-0.615844,0.060462,0.009503,-0.312917,-0.106112,1.171940,-0.463491,75231.423602
2026-08-08,-0.434451,2.299795,-0.872840,0.110023,0.065138,-0.220642,-0.033294,1.084256,-0.434451,77511.309354
2026-08-09,-0.407444,2.302533,-0.827298,0.045098,0.010997,-0.189266,-0.023832,1.073063,-0.407444,79698.214115
2026-08-10,-0.396032,2.305270,-0.771581,0.197049,0.211422,-0.152626,-0.019217,1.052988,-0.396032,80678.659779
2026-08-11,-0.379705,2.308008,-0.771193,0.248833,0.419381,-0.114988,-0.012880,1.028147,-0.379705,82073.548117
2026-08-12,-0.373841,2.310746,-0.785363,0.183177,0.341976,-0.117388,-0.030504,1.045954,-0.373841,82623.637298
2026-08-13,-0.360204,2.313484,-0.785202,0.314668,0.412912,-0.116642,-0.039626,1.057242,-0.360204,83826.308347
2026-08-14,-0.362874,2.316222,-0.968490,0.183102,0.441582,-0.053225,-0.003766,0.997351,-0.362874,83670.958067
2026-08-15,-0.379393,2.318960,-0.973334,0.221519,0.451660,-0.038543,0.001203,0.989660,-0.379393,82367.226550
2026-08-16,-0.384036,2.321697,-0.881124,0.272882,0.481184,-0.044349,-0.043737,1.041322,-0.384036,82052.516446
2026-08-17,-0.389242,2.324435,-0.891283,0.233399,0.519890,0.010421,-0.040520,0.995395,-0.389242,81692.936352
2026-08-18,-0.409690,2.327173,-0.918711,0.303142,0.499443,0.060333,-0.044963,0.955371,-0.409690,80104.666222
2026-08-19,-0.421163,2.329911,-0.366212,0.346846,0.324376,0.389545,0.067826,0.592182,-0.421163,79255.345207
2026-08-20,-0.436498,2.332649,-0.359589,0.338452,0.399568,0.634145,0.116526,0.369364,-0.436498,78112.846198
2026-08-21,-0.462332,2.335387,-0.367488,0.256572,0.324391,0.813057,0.144923,0.222510,-0.462332,76182.705077
2026-08-22,-0.478197,2.338125,-0.323136,0.216459,0.243683,0.943983,0.182936,0.116044,-0.478197,75044.592399
2026-08-23,-0.460321,2.340862,0.037779,0.444066,0.518257,0.835026,0.090613,0.235205,-0.460321,76460.376573
2026-08-24,-0.463592,2.343600,0.056873,0.368276,0.470306,0.731638,0.036769,0.339980,-0.463592,76272.694627
2026-08-25,-0.451680,2.346338,0.078223,0.405126,0.489061,0.607432,-0.014478,0.464439,-0.451680,77249.497279
2026-08-26,-0.457459,2.349076,0.240347,0.472062,0.440450,0.495270,-0.065523,0.582725,-0.457459,76866.876671
2026-08-27,-0.462276,2.351814,0.260864,0.383602,0.380389,0.457733,-0.065856,0.613112,-0.462276,76559.671048
2026-08-28,-0.473860,2.354552,-0.135263,0.212686,0.188629,0.365684,-0.107282,0.716106,-0.473860,75739.533587
2026-08-29,-0.473839,2.357290,-0.081388,0.180544,0.167017,0.342963,-0.106991,0.741584,-0.473839,75802.658376
2026-08-30,-0.494606,2.360027,-0.049279,0.242654,0.101554,0.285412,-0.128811,0.813077,-0.494606,74305.074083
2026-08-31,-0.513886,2.362765,0.224274,0.238511,0.026078,0.222646,-0.153598,0.899482,-0.513886,72945.488049
2026-09-01,-0.538129,2.365503,0.394504,0.357286,0.078701,0.244815,-0.118531,0.859302,-0.538129,71256.187657
2026-09-02,-0.563902,2.368241,0.428505,0.640070,0.420941,0.259615,-0.098296,0.834871,-0.563902,69499.584522
2026-09-03,-0.570976,2.370979,0.400369,0.662060,0.613753,0.237723,-0.093207,0.853940,-0.570976,69065.785588
2026-09-04,-0.573189,2.373717,0.244883,0.659250,0.526626,0.212170,-0.084136,0.871179,-0.573189,68969.101838
2026-09-05,-0.619859,2.376454,0.351312,0.742790,0.699343,0.205090,-0.073920,0.868043,-0.619859,65877.739782
2026-09-06,-0.638262,2.379192,0.335400,0.815369,0.795458,0.183227,-0.068285,0.876668,-0.638262,64728.956387
2026-09-07,-0.650859,2.381930,0.571627,0.554853,0.631236,0.205248,-0.045644,0.839945,-0.650859,63970.616052
2026-09-08,-0.644527,2.384668,0.566507,0.567817,0.669422,0.232321,-0.029399,0.804063,-0.644527,64429.209755
2026-09-09,-0.642637,2.387406,0.688638,0.453307,0.639760,0.257017,-0.001347,0.759011,-0.642637,64603.484883
2026-09-10,-0.641780,2.390144,0.683784,0.285432,0.599960,0.260166,0.009876,0.746018,-0.641780,64711.383549
2026-09-11,-0.638636,2.392882,0.665882,0.315325,0.651114,0.195636,-0.020854,0.816734,-0.638636,64967.805753
2026-09-12,-0.615354,2.395619,0.733403,0.236501,0.587206,0.201095,0.048792,0.751664,-0.615354,66552.085744
2026-09-13,-0.617369,2.398357,0.981959,0.084768,0.467804,0.406612,0.134617,0.533118,-0.617369,66471.987945
2026-09-14,-0.619345,2.401095,0.982679,0.208857,0.636513,0.557656,0.162284,0.414763,-0.619345,66394.633321
2026-09-15,-0.617798,2.403833,0.864952,0.298437,0.722596,0.654517,0.166436,0.346739,-0.617798,66551.300588
2026-09-16,-0.629124,2.406571,0.843260,0.406115,0.735458,0.678882,0.139771,0.342610,-0.629124,65855.202568
2026-09-17,-0.628976,2.409309,0.805395,0.428126,0.800201,0.627722,0.057474,0.424737,-0.628976,65918.340135
2026-09-18,-0.637545,2.412047,0.303214,0.564769,0.781463,0.610680,0.015611,0.455904,-0.637545,65408.872135
2026-09-19,-0.610730,2.414784,0.319937,0.696536,0.890166,0.540515,-0.032626,0.531176,-0.610730,67240.978650
2026-09-20,-0.621959,2.417522,0.273363,0.757296,0.961614,0.414047,-0.084904,0.645575,-0.621959,66544.037758
2026-09-21,-0.618428,2.420260,0.215410,0.821053,0.937994,0.329569,-0.095413,0.709951,-0.618428,66833.503795
2026-09-22,-0.595352,2.422998,-0.353741,0.471308,0.737491,0.290073,-0.088770,0.724428,-0.595352,68449.114269
2026-09-23,-0.619815,2.425736,-0.356847,0.573123,0.818625,0.218774,-0.115252,0.778901,-0.619815,66849.083257
2026-09-24,-0.612563,2.428474,-0.403952,0.559630,0.792765,0.144031,-0.143777,0.849507,-0.612563,67390.114763
2026-09-25,-0.616119,2.431211,-0.419686,0.611328,0.856792,0.137010,-0.131437,0.848500,-0.616119,67205.275470
2026-09-26,-0.632151,2.433949,-0.435999,0.499086,0.758744,0.214721,-0.074215,0.767378,-0.632151,66189.958055
2026-09-27,-0.612445,2.436687,-0.563830,0.540164,0.667751,0.195201,-0.057249,0.773899,-0.612445,67561.925240
2026-09-28,-0.593658,2.439425,-0.479732,0.638397,0.650117,0.147546,-0.075054,0.805362,-0.593658,68898.925815
2026-09-29,-0.577532,2.442163,-0.563941,0.638732,0.654603,0.125780,-0.080455,0.819723,-0.577532,70075.602354
2026-09-30,-0.574363,2.444901,-0.685165,0.503105,0.567100,0.139582,-0.044677,0.793660,-0.574363,70354.940164
2026-10-01,-0.557742,2.447639,-0.865202,0.354574,0.454276,0.177828,-0.013837,0.741287,-0.557742,71591.937574
2026-10-02,-0.561583,2.450376,-0.820792,0.195606,0.582321,0.252187,0.043902,0.652618,-0.561583,71375.187537
2026-10-03,-0.580353,2.453114,-0.783291,0.260600,0.632322,0.305783,0.073999,0.604037,-0.580353,70104.612053
2026-10-04,-0.563228,2.455852,-0.628629,0.102032,0.443174,0.467995,0.159625,0.434755,-0.563228,71373.097965
2026-10-05,-0.565602,2.458590,-0.657975,-0.175018,0.404731,0.616367,0.268983,0.280604,-0.565602,71261.446135
2026-10-06,-0.602558,2.461328,-0.564050,-0.131135,0.653608,0.653008,0.270989,0.254685,-0.602558,68731.488543
2026-10-07,-0.588222,2.464066,-0.567879,0.070201,0.646423,0.725720,0.304541,0.193602,-0.588222,69780.282490
2026-10-08,-0.606340,2.466804,-0.552856,0.009501,0.570357,0.824370,0.339015,0.118793,-0.606340,68582.740442
2026-10-09,-0.615097,2.469541,-0.605548,-0.032396,0.516949,0.905809,0.354797,0.053000,-0.615097,68039.683024
2026-10-10,-0.618205,2.472279,-0.600513,0.085896,0.617087,0.933736,0.336657,0.037199,-0.618205,67883.363388
2026-10-11,-0.631167,2.475017,-0.575620,0.078806,0.634992,0.964141,0.323555,0.018807,-0.631167,67063.248651
2026-10-12,-0.639364,2.477755,-0.651079,0.051285,0.607217,0.893380,0.260885,0.090326,-0.639364,66569.484689
2026-10-13,-0.624616,2.480493,-0.767842,0.395784,0.646944,0.847400,0.244508,0.127468,-0.624616,67613.061668
2026-10-14,-0.623117,2.483231,-0.589355,0.032229,0.517310,0.911078,0.331238,0.063788,-0.623117,67769.163343
2026-10-15,-0.625938,2.485969,-0.588424,-0.123999,0.517038,0.971982,0.398098,0.009143,-0.625938,67632.801165
2026-10-16,-0.616054,2.488706,-0.582269,-0.279902,0.478393,0.974854,0.397740,0.003762,-0.616054,68359.694440
2026-10-17,-0.628670,2.491444,-0.521946,-0.379468,0.348728,0.932928,0.364833,0.034900,-0.628670,67557.156155
2026-10-18,-0.656644,2.494182,0.308349,-0.447993,0.297133,0.790106,0.216324,0.171211,-0.656644,65746.528073
2026-10-19,-0.659467,2.496920,1.390947,-0.458313,0.471274,0.606149,0.071992,0.383014,-0.659467,65614.061297
2026-10-20,-0.664681,2.499658,1.890829,-0.773862,0.094842,0.595691,0.135069,0.362741,-0.664681,65325.501455
2026-10-21,-0.694462,2.502396,1.911498,-1.008356,-0.218491,0.569605,0.140188,0.382630,-0.694462,63459.829661
2026-10-22,-0.693725,2.505133,1.941031,-0.929828,-0.145364,0.484452,0.138857,0.446889,-0.693725,63557.805962
2026-10-23,-0.697587,2.507871,1.975193,-0.910887,-0.156868,0.374526,0.095863,0.569633,-0.697587,63363.837953
2026-10-24,-0.709350,2.510609,1.966662,-0.829552,-0.061228,0.300574,0.091614,0.637190,-0.709350,62673.328481
2026-10-25,-0.714689,2.513347,1.982032,-0.896785,-0.094207,0.271454,0.109560,0.649090,-0.714689,62389.859175
2026-10-26,-0.711757,2.516085,2.019790,-0.903153,-0.169693,0.254994,0.107661,0.665182,-0.711757,62623.504123
2026-10-27,-0.703214,2.518823,2.091048,-0.816227,-0.019048,0.227183,0.102048,0.694223,-0.703214,63211.613414
2026-10-28,-0.680046,2.521561,2.079175,-0.856596,0.155168,0.232577,0.111755,0.681616,-0.680046,64745.351283
2026-10-29,-0.668755,2.524298,2.017318,-0.775397,0.243538,0.195707,0.096672,0.726385,-0.668755,65533.225032
2026-10-30,-0.668502,2.527036,2.026427,-0.655479,0.198662,0.136216,0.056426,0.811053,-0.668502,65602.631397
2026-10-31,-0.659386,2.529774,1.955169,-0.469047,0.381835,0.079526,0.010586,0.901168,-0.659386,66256.645111
2026-11-01,-0.650102,2.532512,1.943304,-0.623238,0.267866,0.033838,0.006638,0.943363,-0.650102,66928.522799
2026-11-02,-0.663822,2.535250,1.986448,-0.821082,0.049859,0.017643,0.031903,0.933295,-0.663822,66069.606952
2026-11-03,-0.674792,2.537988,1.914812,-0.722905,0.082756,-0.009463,0.035889,0.948945,-0.674792,65401.408185
2026-11-04,-0.672695,2.540726,1.851210,-0.600404,0.141470,-0.051332,0.026781,0.987845,-0.672695,65591.436471
2026-11-05,-0.697915,2.543463,1.785226,-0.676025,0.057695,-0.128599,0.006062,1.059869,-0.697915,64009.341196
2026-11-06,-0.720852,2.546201,1.589657,-0.743862,-0.086162,-0.198012,-0.060795,1.137326,-0.720852,62608.202384
2026-11-07,-0.709983,2.548939,1.556263,-0.512333,0.037265,-0.229829,-0.103689,1.183899,-0.709983,63343.294230
2026-11-08,-0.696849,2.551677,1.504953,-0.398519,0.145988,-0.201523,-0.108954,1.151633,-0.696849,64232.290526
2026-11-09,-0.686982,2.554415,1.579778,-0.594229,0.003791,-0.043437,-0.048792,0.972766,-0.686982,64921.357524
2026-11-10,-0.697926,2.557153,1.577436,-0.745150,-0.133449,0.083472,-0.036151,0.857120,-0.697926,64266.399746
2026-11-11,-0.679195,2.559890,1.588194,-0.709698,-0.115316,0.277808,-0.014691,0.681581,-0.679195,65534.092110
2026-11-12,-0.662656,2.562628,1.570209,-0.893198,-0.096369,0.375712,-0.029749,0.602275,-0.662656,66680.564018
2026-11-13,-0.667366,2.565366,1.474949,-0.763600,-0.224623,0.515966,-0.009866,0.476475,-0.667366,66420.547456
2026-11-14,-0.655091,2.568104,1.463091,-0.645385,-0.177578,0.585703,0.013409,0.412234,-0.655091,67294.871736
2026-11-15,-0.641149,2.570842,1.464271,-0.513894,-0.127050,0.635071,0.022268,0.370511,-0.641149,68294.458182
2026-11-16,-0.627604,2.573580,1.463259,-0.489517,-0.267452,0.621867,0.016101,0.384120,-0.627604,69281.429314
2026-11-17,-0.642020,2.576318,1.010199,-0.489912,-0.255128,0.649799,0.023248,0.355895,-0.642020,68344.622960
2026-11-18,-0.646406,2.579055,-0.121456,-0.568508,-0.316537,0.650058,0.033564,0.353979,-0.646406,68100.180511
2026-11-19,-0.665335,2.581793,-0.859247,-0.251896,-0.397928,0.609300,0.006115,0.386409,-0.665335,66876.874592
2026-11-20,-0.692335,2.584531,-0.851218,-0.038261,-0.426615,0.654892,-0.026260,0.338706,-0.692335,65147.589087
2026-11-21,-0.727760,2.587269,-0.958412,-0.033206,-0.473689,0.730261,-0.015265,0.272157,-0.727760,62930.585024
2026-11-22,-0.733285,2.590007,-0.955242,-0.274758,-0.598079,0.823470,0.053040,0.189220,-0.733285,62634.027534
2026-11-23,-0.730622,2.592745,-0.969778,-0.357534,-0.623417,0.830369,0.083644,0.178862,-0.730622,62851.423699
2026-11-24,-0.722377,2.595483,-0.939773,-0.239736,-0.586678,0.753295,0.037579,0.239018,-0.722377,63422.630038
2026-11-25,-0.730301,2.598220,-0.890006,-0.130673,-0.516095,0.562074,-0.100505,0.409112,-0.730301,62972.502029
2026-11-26,-0.719037,2.600958,-0.903331,-0.212924,-0.518199,0.459582,-0.149399,0.506592,-0.719037,63736.884689
2026-11-27,-0.711062,2.603696,-0.901431,-0.286986,-0.465270,0.394898,-0.187032,0.580310,-0.711062,64298.715753
2026-11-28,-0.713893,2.606434,-0.863437,-0.315332,-0.398900,0.270614,-0.290521,0.714991,-0.713893,64168.353349
2026-11-29,-0.715652,2.609172,-0.858066,-0.449893,-0.496335,0.238727,-0.287812,0.732094,-0.715652,64106.932284
2026-11-30,-0.728621,2.611910,-0.972698,-0.532126,-0.366248,0.195114,-0.285948,0.762330,-0.728621,63331.554562
2026-12-01,-0.722331,2.614648,-1.059206,-0.414422,-0.571349,0.144901,-0.301313,0.792453,-0.722331,63782.272272
2026-12-02,-0.742601,2.617385,-1.197714,-0.293077,-0.591276,0.101021,-0.319201,0.817125,-0.742601,62552.477789
2026-12-03,-0.732273,2.620123,-1.352226,-0.344417,-0.643697,0.113140,-0.262612,0.814509,-0.732273,63252.483273
2026-12-04,-0.733909,2.622861,-1.369942,-0.311331,-0.617303,0.138473,-0.216938,0.803575,-0.733909,63199.639612
2026-12-05,-0.773068,2.625599,-1.357321,-0.373864,-0.677867,0.172827,-0.174498,0.778075,-0.773068,60821.260891
2026-12-06,-0.791110,2.628337,-1.172671,-0.385596,-0.664876,0.144042,-0.162916,0.821836,-0.791110,59781.595669
2026-12-07,-0.768987,2.631075,-1.174736,-0.507569,-0.629314,0.099819,-0.173685,0.885546,-0.768987,61167.808476
2026-12-08,-0.790039,2.633812,-1.199481,-0.635465,-0.700629,0.095994,-0.156705,0.900713,-0.790039,59941.499302
2026-12-09,-0.815755,2.636550,-1.384753,-0.559000,-0.756799,0.090861,-0.147666,0.917826,-0.815755,58466.405154
2026-12-10,-0.808689,2.639288,-1.404600,-0.421385,-0.868742,0.071490,-0.165313,0.954086,-0.808689,58928.106629
2026-12-11,-0.796522,2.642026,-1.413344,-0.319320,-1.007116,0.066706,-0.155835,0.961817,-0.796522,59697.180996
2026-12-12,-0.793214,2.644764,-1.421321,-0.329330,-1.018647,0.070987,-0.149494,0.957681,-0.793214,59942.914434
2026-12-13,-0.788742,2.647502,-1.435812,-0.088758,-0.923999,0.073530,-0.122725,0.938569,-0.788742,60259.675487
2026-12-14,-0.789492,2.650240,-1.451787,-0.231905,-1.085390,0.089079,-0.133438,0.911080,-0.789492,60262.648173
2026-12-15,-0.791439,2.652977,-1.447723,-0.167476,-1.049886,0.148964,-0.135933,0.854374,-0.791439,60193.498283
2026-12-16,-0.787353,2.655715,-1.465477,-0.242900,-1.020290,0.358603,-0.128381,0.673701,-0.787353,60488.315884
2026-12-17,-0.769147,2.658453,-1.504999,-0.130732,-0.914211,0.515400,-0.124686,0.541583,-0.769147,61648.857762
2026-12-18,-0.737909,2.661191,-1.500430,-0.176245,-0.908657,0.659774,-0.110650,0.418063,-0.737909,63655.874375
2026-12-19,-0.727886,2.663929,-1.487463,-0.354579,-0.998885,0.731685,-0.071205,0.354532,-0.727886,64348.453383
2026-12-20,-0.710580,2.666667,-1.536129,-0.319065,-1.024007,0.844437,-0.016852,0.263157,-0.710580,65524.035704
2026-12-21,-0.723335,2.669405,-1.454121,-0.299413,-0.978832,0.947013,0.091752,0.173476,-0.723335,64745.245685
2026-12-22,-0.710601,2.672142,-1.312161,-0.298890,-0.964753,1.016222,0.275827,0.096988,-0.710601,65627.323127
2026-12-23,-0.683864,2.674880,-1.092655,-0.306643,-1.112579,1.075307,0.485332,0.035983,-0.683864,67459.520097
2026-12-24,-0.696252,2.677618,-0.987250,-0.393910,-1.240241,1.106575,0.733441,-0.015318,-0.696252,66682.179484
2026-12-25,-0.698423,2.680356,-1.126429,-0.462803,-1.335148,1.103740,0.838225,-0.025408,-0.698423,66590.650115
2026-12-26,-0.688969,2.683094,-1.119538,-0.446350,-1.342168,1.139576,0.946704,-0.056646,-0.688969,67276.801971
2026-12-27,-0.688493,2.685832,-1.121980,-0.371247,-1.348109,1.198085,1.007883,-0.090130,-0.688493,67362.563369
2026-12-28,-0.700983,2.688569,-1.097782,-0.402170,-1.441069,1.201147,0.970756,-0.099952,-0.700983,66579.472564
2026-12-29,-0.689334,2.691307,-1.263116,-0.329070,-1.527344,1.282716,1.064208,-0.179250,-0.689334,67413.366210
2026-12-30,-0.669887,2.694045,-0.935400,-0.421330,-1.538900,1.356767,1.151370,-0.218411,-0.669887,68791.968990
2026-12-31,-0.670839,2.696783,-0.905409,-0.388117,-1.388772,1.375887,1.155860,-0.236875,-0.670839,68781.332751
2027-01-01,-0.671311,2.699521,-0.799798,-0.374555,-1.482291,1.359538,1.134028,-0.219394,-0.671311,68803.649724
2027-01-02,-0.663247,2.702259,-0.682850,-0.234701,-1.382930,1.378410,1.157772,-0.231478,-0.663247,69416.010146
2027-01-03,-0.675177,2.704997,-0.649854,-0.287557,-1.459806,1.384557,1.152862,-0.246860,-0.675177,68647.468155
2027-01-04,-0.666882,2.707734,-0.665169,-0.300782,-1.440226,1.371273,1.142383,-0.243647,-0.666882,69274.411277
2027-01-05,-0.632090,2.710472,-0.841349,-0.217130,-1.384918,1.367465,1.147385,-0.260266,-0.632090,71784.183956
2027-01-06,-0.631498,2.713210,-0.859267,-0.222603,-1.440583,1.401097,1.185701,-0.298133,-0.631498,71883.917110
2027-01-07,-0.608496,2.715948,-0.842545,-0.132732,-1.434121,1.419602,1.206877,-0.326669,-0.608496,73615.167674
2027-01-08,-0.608160,2.718686,-1.807126,-0.104985,-1.344971,1.469228,1.398378,-0.475990,-0.608160,73698.521741
2027-01-09,-0.616671,2.721424,-1.742204,-0.014117,-1.225353,1.395845,1.366998,-0.466809,-0.616671,73132.143339
2027-01-10,-0.619077,2.724162,-1.777156,-0.048773,-1.254696,1.335261,1.347127,-0.418767,-0.619077,73014.443675
2027-01-11,-0.632964,2.726899,-1.764090,-0.082168,-1.358451,1.332426,1.400950,-0.408691,-0.632964,72064.863352
2027-01-12,-0.644117,2.729637,-1.319081,-0.167506,-1.196821,1.327910,1.414866,-0.410857,-0.644117,71322.297922
2027-01-13,-0.633229,2.732375,-1.275910,0.009258,-0.926388,1.298456,1.403461,-0.410200,-0.633229,72160.461393
2027-01-14,-0.618550,2.735113,-1.361085,0.016164,-0.910666,1.290608,1.439633,-0.481675,-0.618550,73285.781661
2027-01-15,-0.620818,2.737851,-1.368370,0.080813,-1.021177,1.214080,1.373602,-0.428198,-0.620818,73177.920712
2027-01-16,-0.601441,2.740589,-1.363704,0.054133,-0.881995,1.129696,1.314537,-0.371678,-0.601441,74669.073684
2027-01-17,-0.585445,2.743326,-1.350971,0.023183,-0.861127,1.122397,1.338416,-0.358922,-0.585445,75933.404338
2027-01-18,-0.578550,2.746064,-1.337936,0.101926,-0.994013,1.073158,1.312099,-0.314985,-0.578550,76519.570804
2027-01-19,-0.555873,2.748802,-1.133741,0.084177,-1.025966,0.902885,1.209127,-0.235208,-0.555873,78336.860168
2027-01-20,-0.497549,2.751540,-1.149565,0.133864,-0.904321,0.700810,1.149414,-0.152571,-0.497549,83107.629829
2027-01-21,-0.486320,2.754278,-1.226614,0.285427,-1.058852,0.559518,1.111546,-0.098488,-0.486320,84112.908045
2027-01-22,-0.471611,2.757016,-1.372554,0.332520,-0.827764,0.449000,1.093854,-0.059671,-0.471611,85427.068542
2027-01-23,-0.455262,2.759754,-1.538659,0.269747,-0.870142,0.371781,1.083758,-0.029087,-0.455262,86904.197140
2027-01-24,-0.439011,2.762491,-1.513865,0.250620,-0.831903,0.373826,1.122759,-0.053666,-0.439011,88398.124872
2027-01-25,-0.441022,2.765229,-1.065637,0.353864,-0.646654,0.600700,1.276404,-0.191363,-0.441022,88290.619450
2027-01-26,-0.475976,2.767967,-1.014578,0.315641,-0.620272,0.625418,1.247727,-0.159707,-0.475976,85325.541560
2027-01-27,-0.465614,2.770705,-1.000550,0.303195,-0.714820,0.713810,1.286609,-0.164742,-0.465614,86282.758501
2027-01-28,-0.467031,2.773443,-0.941386,0.363738,-0.434645,0.785004,1.315133,-0.161043,-0.467031,86228.946131
2027-01-29,-0.444873,2.776181,-1.193938,0.416131,-0.155205,0.766245,1.296997,-0.112777,-0.444873,88230.941547
2027-01-30,-0.444202,2.778919,-1.187789,0.354220,-0.143025,0.819212,1.341579,-0.110794,-0.444202,88360.194140
2027-01-31,-0.403640,2.781656,-1.157290,0.437311,-0.175536,0.820706,1.333592,-0.094427,-0.403640,92091.007742
2027-02-01,-0.393934,2.784394,-1.151399,0.415655,-0.183119,0.798697,1.314441,-0.072813,-0.393934,93062.930715
2027-02-02,-0.365281,2.787132,-1.157472,0.469423,-0.140509,0.772995,1.299499,-0.065829,-0.365281,95843.977479
2027-02-03,-0.365941,2.789870,-1.117753,0.616398,0.030817,0.690830,1.244774,-0.049776,-0.365941,95856.681889
2027-02-04,-0.362429,2.792608,-1.080130,0.582648,-0.034131,0.595233,1.196606,-0.029574,-0.362429,96270.278793
2027-02-05,-0.362098,2.795346,-1.067314,0.538039,-0.098350,0.633153,1.205582,-0.083504,-0.362098,96378.438134
2027-02-06,-0.372653,2.798084,-1.068014,0.482593,-0.222887,0.664387,1.210092,-0.128398,-0.372653,95442.184381
2027-02-07,-0.365811,2.800821,-0.263486,0.575966,-0.155653,0.652656,1.185252,-0.141977,-0.365811,96173.538897
2027-02-08,-0.379279,2.803559,-0.185840,0.417250,-0.377629,0.687893,1.195749,-0.172766,-0.379279,94962.192815
2027-02-09,-0.364502,2.806297,-0.144583,0.451452,-0.224471,0.718778,1.200991,-0.200194,-0.364502,96452.195415
2027-02-10,-0.360153,2.809035,-0.043922,0.447669,-0.141648,0.648701,1.130473,-0.166612,-0.360153,96949.382165
2027-02-11,-0.354071,2.811773,-0.381485,0.304553,-0.207701,0.631185,1.114138,-0.173400,-0.354071,97618.026695
2027-02-12,-0.323871,2.814511,-0.356158,0.120107,-0.224609,0.608644,1.105012,-0.159520,-0.323871,100690.804280
2027-02-13,-0.308015,2.817248,-0.090173,-0.004742,-0.259445,0.585061,1.103871,-0.149219,-0.308015,102381.049850
2027-02-14,-0.301198,2.819986,0.008633,0.250928,-0.052056,0.489529,1.073924,-0.090403,-0.301198,103162.943584
2027-02-15,-0.297791,2.822724,0.052503,0.184586,-0.206554,0.388362,1.018824,-0.012402,-0.297791,103597.015693
2027-02-16,-0.332223,2.825462,0.220726,0.204205,-0.282539,0.323526,0.898037,0.110632,-0.332223,100169.890231
2027-02-17,-0.349204,2.828200,0.267281,0.159335,-0.261770,0.321713,0.839649,0.172259,-0.349204,98561.196064
2027-02-18,-0.363164,2.830938,0.146509,0.193596,-0.102633,0.316168,0.823020,0.202021,-0.363164,97271.742586
2027-02-19,-0.372885,2.833676,0.419585,0.150556,-0.054136,0.413873,0.926367,0.081288,-0.372885,96406.918718
2027-02-20,-0.405902,2.836413,0.903973,-0.026507,-0.202885,0.612238,1.119278,-0.114341,-0.405902,93349.677843
2027-02-21,-0.423725,2.839151,0.945605,-0.043170,-0.113217,0.710373,1.148453,-0.158213,-0.423725,91773.135292
2027-02-22,-0.431446,2.841889,1.083270,0.179746,-0.060255,0.779598,1.153412,-0.169493,-0.431446,91139.261556
2027-02-23,-0.435508,2.844627,1.103961,0.213058,-0.123310,0.856605,1.193806,-0.194407,-0.435508,90841.575437
2027-02-24,-0.419738,2.847365,1.105010,0.022431,-0.141663,0.978243,1.295070,-0.241295,-0.419738,92358.491947
2027-02-25,-0.350544,2.850103,1.125636,0.016537,-0.119236,1.030525,1.300944,-0.238836,-0.350544,99053.667821
2027-02-26,-0.331533,2.852841,1.187852,0.068105,-0.084615,0.988128,1.294172,-0.175105,-0.331533,101034.567231
2027-02-27,-0.300752,2.855578,1.189741,-0.005761,-0.193110,0.964732,1.278017,-0.141528,-0.300752,104275.234415
2027-02-28,-0.269711,2.858316,1.300200,-0.019964,-0.138404,0.992439,1.324775,-0.134235,-0.269711,107647.720292
2027-03-01,-0.270049,2.861054,1.388057,-0.094795,-0.204253,0.953713,1.274965,-0.103703,-0.270049,107696.398195
2027-03-02,-0.272833,2.863792,1.416005,-0.145602,-0.046780,0.953444,1.301789,-0.087710,-0.272833,107481.808436
2027-03-03,-0.285444,2.866530,1.476775,-0.132344,0.042718,0.900697,1.254322,-0.055489,-0.285444,106218.589176
2027-03-04,-0.289433,2.869268,1.494221,-0.154576,-0.056239,0.881069,1.242544,-0.044462,-0.289433,105879.260005
2027-03-05,-0.317514,2.872005,1.452368,-0.251401,-0.091094,0.876901,1.254881,-0.034602,-0.317514,103028.752370
2027-03-06,-0.349389,2.874743,1.472992,-0.225455,-0.048595,0.854748,1.210132,-0.023786,-0.349389,99875.266798
2027-03-07,-0.381363,2.877481,1.496051,-0.279453,-0.093297,0.846542,1.196502,-0.016468,-0.381363,96808.694267
2027-03-08,-0.357102,2.880219,1.486110,-0.210712,-0.119941,0.881878,1.220314,-0.022330,-0.357102,99264.308338
2027-03-09,-0.328630,2.882957,1.446376,-0.348092,-0.056073,0.878918,1.172675,-0.014702,-0.328630,102211.759327
2027-03-10,-0.231828,2.885695,1.361903,-0.219377,-0.065815,0.925532,1.196389,-0.032879,-0.231828,112689.647471
2027-03-11,-0.194029,2.888433,1.388696,-0.304367,-0.114911,0.939852,1.186560,-0.040548,-0.194029,117122.972485
2027-03-12,-0.152373,2.891170,1.251220,-0.253659,-0.103236,0.915007,1.160142,-0.030764,-0.152373,122201.169008
2027-03-13,-0.158374,2.893908,1.284873,-0.254314,-0.119858,0.863560,1.134503,-0.025255,-0.158374,121565.795874
2027-03-14,-0.180299,2.896646,1.254702,-0.370065,-0.284158,0.833938,1.124444,-0.015542,-0.180299,119023.226433
2027-03-15,-0.173479,2.899384,1.303120,-0.401820,-0.288570,0.784055,1.096275,-0.002916,-0.173479,119932.292580
2027-03-16,-0.149415,2.902122,1.336822,-0.570097,-0.242424,0.694773,1.044757,0.021010,-0.149415,122950.045861
2027-03-17,-0.156123,2.904860,1.299641,-0.545101,-0.249961,0.590222,1.010531,0.035494,-0.156123,122224.365196
2027-03-18,-0.162024,2.907598,1.056646,-0.503213,-0.155485,0.511316,0.989790,0.047226,-0.162024,121600.954935
2027-03-19,-0.190274,2.910335,1.023798,-0.430692,-0.138294,0.487263,0.981716,0.047980,-0.190274,118306.929702
2027-03-20,-0.223441,2.913073,1.051734,-0.402496,-0.088470,0.556936,0.980724,0.038349,-0.223441,114537.494371
2027-03-21,-0.271656,2.915811,0.879648,-0.424733,-0.163828,0.579169,0.948315,0.047920,-0.271656,109232.074344
2027-03-22,-0.270515,2.918549,0.403267,-0.331306,-0.207833,0.607085,0.940052,0.045982,-0.270515,109442.829549
2027-03-23,-0.206075,2.921287,0.260688,-0.407925,-0.430566,0.669211,0.978776,0.039978,-0.206075,116819.403877
2027-03-24,-0.182623,2.924025,0.107275,-0.483843,-0.314408,0.679896,0.960030,0.037645,-0.182623,119685.578089
2027-03-25,-0.149257,2.926762,-0.191094,-0.460765,-0.416246,0.668704,0.932456,0.037370,-0.149257,123843.739218
2027-03-26,-0.105609,2.929500,-0.888844,-0.370222,-0.269491,0.695355,0.946878,0.023785,-0.105609,129470.821511
2027-03-27,-0.041951,2.932238,-0.854035,-0.343817,-0.332054,0.699002,0.991392,0.012191,-0.041951,138089.232793
2027-03-28,-0.019509,2.934976,-1.089745,-0.439807,-0.347149,0.779409,1.080753,-0.018407,-0.019509,141334.222453
2027-03-29,0.004713,2.937714,-0.906490,-0.439583,-0.276688,0.721057,1.074230,-0.024013,0.004713,144913.324409
2027-03-30,0.044262,2.940452,-1.019743,-0.464171,-0.280901,0.606479,1.024105,0.002203,0.044262,150877.911562
2027-03-31,0.095117,2.943190,-1.062431,-0.402490,-0.303005,0.460570,0.973895,0.050619,0.095117,158874.037731
2027-04-01,0.064934,2.945927,-1.122676,-0.434159,-0.176964,0.398349,0.968147,0.068195,0.064934,154271.663042
2027-04-02,0.067857,2.948665,-1.505472,-0.547319,-0.192426,0.366258,1.005141,0.056731,0.067857,154844.764614
2027-04-03,0.015006,2.951403,-1.612719,-0.577513,-0.234466,0.353308,1.038778,0.026436,0.015006,146989.067668
2027-04-04,-0.004110,2.954141,-1.667198,-0.484059,-0.106484,0.395739,1.062537,-0.009825,-0.004110,144319.136648
2027-04-05,-0.050495,2.956879,-1.742224,-0.594976,-0.186728,0.443500,1.084382,-0.040086,-0.050495,137886.063226
2027-04-06,-0.078084,2.959617,-1.674222,-0.496950,-0.210128,0.578916,1.153897,-0.112610,-0.078084,134239.283844
2027-04-07,-0.067846,2.962355,-1.709814,-0.487616,-0.198303,0.668595,1.182590,-0.160118,-0.067846,135727.189015
2027-04-08,-0.061973,2.965092,-1.487561,-0.467115,-0.185990,0.697995,1.149853,-0.167166,-0.061973,136633.888472
2027-04-09,-0.062666,2.967830,-1.411483,-0.536459,-0.173013,0.740223,1.149098,-0.175105,-0.062666,136646.417518
2027-04-10,-0.021259,2.970568,-1.293386,-0.444356,-0.165334,0.671555,1.084660,-0.137136,-0.021259,142535.088664
2027-04-11,0.049710,2.973306,-1.195177,-0.417767,-0.140960,0.661837,1.069712,-0.142157,0.049710,153138.356425
2027-04-12,0.083607,2.976044,-1.199629,-0.446010,-0.327120,0.681209,1.073924,-0.158655,0.083607,158542.637464
2027-04-13,0.085955,2.978782,-1.200682,-0.283233,-0.280924,0.680499,1.059062,-0.152646,0.085955,159039.976559
2027-04-14,0.078664,2.981520,-1.146805,-0.268177,-0.256609,0.779327,1.105012,-0.194637,0.078664,158008.560501
2027-04-15,0.076159,2.984257,-1.111248,-0.277675,-0.304430,0.786035,1.080146,-0.187456,0.076159,157736.817462
2027-04-16,0.035344,2.986995,-1.090070,-0.252938,-0.281990,0.746911,1.040651,-0.165156,0.035344,151547.166743
2027-04-17,-0.022022,2.989733,-1.048446,-0.253723,-0.276730,0.630417,0.971028,-0.095576,-0.022022,143210.408278
2027-04-18,-0.077525,2.992471,-1.121078,-0.200299,-0.233525,0.483326,0.910665,0.005492,-0.077525,135584.618669
2027-04-19,-0.077816,2.995209,-1.240493,-0.269134,-0.346905,0.392487,0.886394,0.067125,-0.077816,135651.392782
2027-04-20,-0.045100,2.997947,-1.256329,-0.175676,-0.295330,0.273140,0.843480,0.147228,-0.045100,140272.617930
2027-04-21,-0.045003,3.000684,-1.236809,-0.044384,-0.177684,0.194243,0.787831,0.219918,-0.045003,140396.071963
2027-04-22,-0.037573,3.003422,-1.173629,0.011431,-0.264154,0.098434,0.738510,0.283628,-0.037573,141553.925395
2027-04-23,-0.025319,3.006160,-1.183945,-0.054140,-0.390102,0.075723,0.746871,0.289747,-0.025319,143411.490924
2027-04-24,0.008087,3.008898,-0.991562,-0.101791,-0.557869,0.085561,0.762965,0.273958,0.008087,148399.370816
2027-04-25,0.036365,3.011636,-0.705794,0.075083,-0.284751,0.052559,0.740572,0.295587,0.036365,152775.269578
2027-04-26,0.045918,3.014374,-0.708687,0.052771,-0.339136,0.066493,0.758936,0.277496,0.045918,154362.567346
2027-04-27,0.049659,3.017112,-0.679700,0.206088,-0.171717,-0.036389,0.681675,0.357417,0.049659,155062.418395
2027-04-28,0.061851,3.019849,-0.858253,0.203672,-0.176616,-0.074708,0.649894,0.387658,0.061851,157087.340128
2027-04-29,0.086568,3.022587,-0.822300,0.182655,-0.187024,-0.075353,0.657035,0.375005,0.086568,161144.429352
2027-04-30,0.065267,3.025325,-0.923267,0.228130,-0.212150,-0.120420,0.613603,0.405123,0.065267,157871.646006
2027-05-01,0.046073,3.028063,-0.956278,0.308435,-0.153627,-0.132660,0.599175,0.409271,0.046073,154991.598446
2027-05-02,0.036373,3.030801,-0.636889,0.341548,-0.185739,-0.110574,0.613347,0.386727,0.036373,153615.460308
2027-05-03,-0.021301,3.033539,-0.502480,0.467144,-0.041412,-0.186211,0.522413,0.450355,-0.021301,145119.920678
2027-05-04,-0.061236,3.036277,-0.496167,0.432215,0.071802,-0.202961,0.491539,0.481341,-0.061236,139547.827581
2027-05-05,-0.076320,3.039014,-0.489081,0.516449,-0.028460,-0.195474,0.490092,0.482625,-0.076320,137566.162163
2027-05-06,-0.092885,3.041752,-0.646590,0.507148,-0.023186,-0.169646,0.487547,0.468206,-0.092885,135411.964925
2027-05-07,-0.084430,3.044490,-0.484022,0.447325,-0.058571,-0.010712,0.535266,0.362376,-0.084430,136668.441571
2027-05-08,-0.083009,3.047228,-0.614335,0.501430,-0.050217,0.092438,0.544518,0.328011,-0.083009,136969.753142
2027-05-09,-0.053646,3.049966,-0.696506,0.417137,-0.177447,0.166840,0.546622,0.306129,-0.053646,141161.487763
2027-05-10,-0.020318,3.052704,-0.813980,0.413029,-0.108239,0.148663,0.510206,0.325439,-0.020318,146059.489388
2027-05-11,0.003578,3.055441,-0.876537,0.295340,-0.285788,0.086515,0.471838,0.362384,0.003578,149708.656524
2027-05-12,0.027732,3.058179,-0.906892,0.468686,-0.275999,0.139051,0.511046,0.333384,0.027732,153488.513987
2027-05-13,0.062168,3.060917,-0.910863,0.476033,-0.274934,0.172998,0.531335,0.316298,0.062168,158990.150709
2027-05-14,0.088779,3.063655,-1.050350,0.505050,-0.364417,0.211679,0.548355,0.298135,0.088779,163405.314604
2027-05-15,0.106319,3.066393,-0.888040,0.510895,-0.373011,0.126909,0.475817,0.369896,0.106319,166426.592405
2027-05-16,0.090536,3.069131,-0.630466,0.517634,-0.299063,0.229590,0.513504,0.301546,0.090536,163948.348838
2027-05-17,0.064125,3.071869,-0.564823,0.489225,-0.268813,0.208636,0.494949,0.320211,0.064125,159799.589295
2027-05-18,0.000863,3.074606,-0.679803,0.357610,-0.449299,0.274416,0.535609,0.302755,0.000863,150120.660844
2027-05-19,-0.054988,3.077344,-0.705046,0.414737,-0.347578,0.321767,0.556437,0.288510,-0.054988,142076.822309
2027-05-20,-0.099402,3.080082,-0.705258,0.340380,-0.396880,0.294415,0.531130,0.329179,-0.099402,136010.750854
2027-05-21,-0.149130,3.082820,-0.698379,0.255633,-0.356993,0.277381,0.508493,0.356487,-0.149130,129513.593866
2027-05-22,-0.168571,3.085558,-0.724911,0.264924,-0.290587,0.263123,0.492969,0.375462,-0.168571,127119.109957
2027-05-23,-0.164436,3.088296,-0.692435,0.187273,-0.314275,0.248526,0.484572,0.389857,-0.164436,127745.311619
2027-05-24,-0.166563,3.091034,-0.645698,0.185801,-0.353652,0.190978,0.426476,0.458603,-0.166563,127573.263475
2027-05-25,-0.139246,3.093771,-0.697971,-0.091744,-0.615275,0.182907,0.415589,0.461553,-0.139246,131208.392496
2027-05-26,-0.106735,3.096509,-0.630038,-0.057695,-0.571366,0.231997,0.442056,0.407501,-0.106735,135649.886706
2027-05-27,-0.076889,3.099247,-0.730803,-0.174691,-0.543733,0.284201,0.467253,0.363371,-0.076889,139868.482100
2027-05-28,-0.058208,3.101985,-0.733415,-0.155909,-0.489682,0.312238,0.471936,0.348173,-0.058208,142616.911081
2027-05-29,-0.055121,3.104723,-0.808927,-0.104923,-0.483008,0.406959,0.505192,0.290580,-0.055121,143169.394804
2027-05-30,-0.039269,3.107461,-0.685371,-0.034377,-0.394339,0.513858,0.574877,0.207135,-0.039269,145570.274077
2027-05-31,-0.055742,3.110198,-0.478013,-0.186314,-0.313510,0.590071,0.726286,0.120265,-0.055742,143303.374703
2027-06-01,-0.080440,3.112936,-0.485906,-0.146878,-0.289146,0.643877,0.798344,0.086339,-0.080440,139916.365281
2027-06-02,-0.104100,3.115674,-0.327570,-0.157691,-0.377927,0.672880,0.845895,0.079336,-0.104100,136751.205858
2027-06-03,-0.152083,3.118412,-0.301224,-0.231177,-0.373960,0.685712,0.859833,0.083955,-0.152083,130445.904874
2027-06-04,-0.187808,3.121150,-0.317890,-0.266338,-0.320187,0.737889,0.884125,0.070372,-0.187808,125965.919504
2027-06-05,-0.215006,3.123888,-0.289341,-0.291460,-0.333557,0.768168,0.883641,0.067913,-0.215006,122681.416943
2027-06-06,-0.233496,3.126626,-0.314473,-0.291703,-0.422602,0.817297,0.909870,0.057313,-0.233496,120527.629109
2027-06-07,-0.199513,3.129363,-0.925244,-0.238197,-0.286581,0.902712,0.976446,-0.013196,-0.199513,124790.879499
2027-06-08,-0.196422,3.132101,-1.004146,-0.085759,-0.244252,0.930294,0.996357,-0.027942,-0.196422,125274.692173
2027-06-09,-0.171818,3.134839,-1.000487,-0.191996,-0.209328,0.945534,1.001744,-0.029315,-0.171818,128494.981623
2027-06-10,-0.168677,3.137577,-1.022463,-0.096418,-0.238349,0.955190,0.997586,-0.019095,-0.168677,128999.463703
2027-06-11,-0.149233,3.140315,-1.032611,-0.148334,-0.293554,0.977818,0.998385,-0.023987,-0.149233,131634.570303
2027-06-12,-0.134576,3.143053,-1.232072,-0.156727,-0.279108,0.962402,0.975402,0.027932,-0.134576,133681.939558
2027-06-13,-0.118712,3.145791,-1.223072,-0.159809,-0.274592,0.952100,0.944977,0.043382,-0.118712,135925.219607
2027-06-14,-0.105220,3.148528,-1.453706,-0.136291,-0.289453,0.999173,0.951696,-0.005246,-0.105220,137878.596587
2027-06-15,-0.125213,3.151266,-1.578205,-0.202226,-0.225262,1.014935,0.881783,-0.031998,-0.125213,135254.367282
2027-06-16,-0.128406,3.154004,-1.769468,-0.310097,-0.374079,1.013967,0.869468,-0.033089,-0.128406,134927.913264
2027-06-17,-0.162541,3.156742,-1.664540,-0.205321,-0.307609,1.024440,0.873992,-0.049455,-0.162541,130501.214976
2027-06-18,-0.206444,3.159480,-1.676681,-0.230936,-0.362617,1.011640,0.856368,-0.047003,-0.206444,124992.772192
2027-06-19,-0.244617,3.162218,-1.737903,-0.245141,-0.338354,1.017369,0.872151,-0.054908,-0.244617,120404.744145
2027-06-20,-0.271920,3.164956,-1.745021,-0.232702,-0.336878,1.024862,0.914446,-0.079909,-0.271920,117252.823613
